{
  "ETCBTC": {
    "p0": -0.000059,
    "p1": -4.98,
    "mid": 2,
    "pid": 6,
    "priceA": 6,
    "min": 0.001,
    "id": 7,
    "minA": 0.00001,
    "s0": "ETC",
    "s1": "BTC",
    "c": 0.001126,
    "max": 5000,
    "h": 0.001188,
    "i": -1,
    "sort": 0,
    "l": 0.001104,
    "cp": {
      "c0": 0.001126,
      "c1": 4.390702
    },
    "o": 0.001185,
    "q": 791.23,
    "pa": 6,
    "s": {
      "s0": "ETC",
      "s1": "BTC"
    },
    "na": 8,
    "v": 690761.46000000,
    "depthA": 6,
    "aid": 1,
    "status": 0
  },
  "DCRBTC": {
    "p0": -0.00001600,
    "p1": -0.33,
    "mid": 2,
    "pid": 4,
    "priceA": 8,
    "min": 1.0E-7,
    "id": 2,
    "minA": 0.000100,
    "s0": "DCR",
    "s1": "BTC",
    "c": 0.00497800,
    "max": 100000,
    "h": 0.00510500,
    "i": -1,
    "sort": 5,
    "l": 0.00495100,
    "cp": {
      "c0": 0.00497800,
      "c1": 19.41056606
    },
    "o": 0.00499400,
    "q": 39.42,
    "pa": 8,
    "s": {
      "s0": "DCR",
      "s1": "BTC"
    },
    "na": 8,
    "v": 7861.12400000,
    "depthA": 8,
    "aid": 1,
    "status": 0
  },
  "LTCUSDT": {
    "p0": -0.97,
    "p1": -3.09,
    "mid": 1,
    "pid": 10,
    "priceA": 2,
    "min": 0.001,
    "id": 5,
    "minA": 10.00,
    "s0": "LTC",
    "s1": "USDT",
    "c": 30.48,
    "max": 1000,
    "h": 32.25,
    "i": -1,
    "sort": 0,
    "l": 30.08,
    "cp": {
      "c0": 30.48,
      "c1": 30.48
    },
    "o": 31.45,
    "q": 3463166.22,
    "pa": 2,
    "s": {
      "s0": "LTC",
      "s1": "USDT"
    },
    "na": 6,
    "v": 110351.295850,
    "depthA": 2,
    "aid": 18,
    "status": 0
  },
  "EOSUSDT": {
    "p0": -0.1481,
    "p1": -5.96,
    "mid": 1,
    "pid": 15,
    "priceA": 4,
    "min": 10,
    "id": 23,
    "minA": 50,
    "s0": "EOS",
    "s1": "USDT",
    "c": 2.3402,
    "max": 10000,
    "h": 2.6279,
    "i": -1,
    "sort": 2,
    "l": 2.3200,
    "cp": {
      "c0": 2.3402,
      "c1": 2.3402
    },
    "o": 2.4883,
    "q": 17227639.50,
    "pa": 4,
    "s": {
      "s0": "EOS",
      "s1": "USDT"
    },
    "na": 2,
    "v": 6952180.91,
    "depthA": 4,
    "aid": 18,
    "status": 0
  },
  "ETHUSDT": {
    "p0": -2.58,
    "p1": -2.34,
    "mid": 1,
    "pid": 8,
    "priceA": 2,
    "min": 0.001,
    "id": 3,
    "minA": 10.000,
    "s0": "ETH",
    "s1": "USDT",
    "c": 108.02,
    "max": 1000,
    "h": 113.20,
    "i": -1,
    "sort": 0,
    "l": 106.75,
    "cp": {
      "c0": 108.02,
      "c1": 108.02
    },
    "o": 110.60,
    "q": 27592274.09,
    "pa": 2,
    "s": {
      "s0": "ETH",
      "s1": "USDT"
    },
    "na": 5,
    "v": 250153.73215,
    "depthA": 2,
    "aid": 18,
    "status": 0
  },
  "HLCUSDT": {
    "p0": 0,
    "p1": 0,
    "mid": 1,
    "pid": 11,
    "priceA": 5,
    "min": 0.01,
    "id": 4,
    "minA": 10.00,
    "s0": "HLC",
    "s1": "USDT",
    "c": 0.0102800000,
    "max": 100000,
    "h": 0.0102800000,
    "i": -1,
    "sort": 0,
    "l": 0.0102800000,
    "cp": {
      "c0": 0.0102800000,
      "c1": 0.0102800000
    },
    "o": 0.0102800000,
    "q": 0,
    "pa": 5,
    "s": {
      "s0": "HLC",
      "s1": "USDT"
    },
    "na": 2,
    "v": 0,
    "depthA": 1,
    "aid": 18,
    "status": 0
  },
  "ETHBTC": {
    "p0": 0,
    "p1": 0,
    "mid": 2,
    "pid": 1,
    "priceA": 6,
    "min": 0.000080,
    "id": 3,
    "minA": 0.001000,
    "s0": "ETH",
    "s1": "BTC",
    "c": 1.0000000000,
    "max": 1000,
    "h": 1.0000000000,
    "i": -1,
    "sort": 0,
    "l": 1.0000000000,
    "cp": {
      "c0": 1.0000000000,
      "c1": 1.0000000000
    },
    "o": 1.0000000000,
    "q": 0,
    "pa": 6,
    "s": {
      "s0": "ETH",
      "s1": "BTC"
    },
    "na": 8,
    "v": 0,
    "depthA": 4,
    "aid": 1,
    "status": 1
  },
  "SMTHBTC": {
    "p0": 0,
    "p1": 0,
    "mid": 2,
    "pid": 5,
    "priceA": 6,
    "min": 0.1,
    "id": 8,
    "minA": 0.010000,
    "s0": "SMTH",
    "s1": "BTC",
    "c": 0E-10,
    "max": 5000,
    "h": 0E-10,
    "i": -1,
    "sort": 0,
    "l": 0E-10,
    "cp": {
      "c0": 0E-10,
      "c1": 0E-10
    },
    "o": 0E-10,
    "q": 0,
    "pa": 6,
    "s": {
      "s0": "SMTH",
      "s1": "BTC"
    },
    "na": 8,
    "v": 0,
    "depthA": 6,
    "aid": 1,
    "status": 1
  },
  "PAXUSDT": {
    "p0": -0.01,
    "p1": -0.03,
    "mid": 1,
    "pid": 16,
    "priceA": 2,
    "min": 1,
    "id": 24,
    "minA": 1.00,
    "s0": "PAX",
    "s1": "USDT",
    "c": 1.01,
    "max": 1000,
    "h": 1.01,
    "i": -1,
    "sort": 2,
    "l": 1.01,
    "cp": {
      "c0": 1.01,
      "c1": 1.01
    },
    "o": 1.01,
    "q": 9578710.65,
    "pa": 2,
    "s": {
      "s0": "PAX",
      "s1": "USDT"
    },
    "na": 2,
    "v": 9510942.42,
    "depthA": 2,
    "aid": 18,
    "status": 0
  },
  "ZILBTC": {
    "p0": -4E-8,
    "p1": -0.96,
    "mid": 2,
    "pid": 17,
    "priceA": 8,
    "min": 1000,
    "id": 16,
    "minA": 0.001,
    "s0": "ZIL",
    "s1": "BTC",
    "c": 0.00000416,
    "max": 10000000000,
    "h": 0.00000428,
    "i": -1,
    "sort": 1,
    "l": 0.00000413,
    "cp": {
      "c0": 0.00000416,
      "c1": 0.01621194
    },
    "o": 0.00000420,
    "q": 350.18,
    "pa": 8,
    "s": {
      "s0": "ZIL",
      "s1": "BTC"
    },
    "na": 0,
    "v": 83287906,
    "depthA": 8,
    "aid": 1,
    "status": 0
  },
  "SMTHUSDT": {
    "p0": 0,
    "p1": 0,
    "mid": 1,
    "pid": 13,
    "priceA": 3,
    "min": 0.1,
    "id": 8,
    "minA": 0.01,
    "s0": "SMTH",
    "s1": "USDT",
    "c": 0.9610000000,
    "max": 5000,
    "h": 0.9610000000,
    "i": -1,
    "sort": 0,
    "l": 0.9610000000,
    "cp": {
      "c0": 0.9610000000,
      "c1": 0.9610000000
    },
    "o": 0.9610000000,
    "q": 0,
    "pa": 3,
    "s": {
      "s0": "SMTH",
      "s1": "USDT"
    },
    "na": 4,
    "v": 0,
    "depthA": 6,
    "aid": 18,
    "status": 0
  },
  "QTUMUSDT": {
    "p0": -0.026,
    "p1": -1.34,
    "mid": 1,
    "pid": 12,
    "priceA": 3,
    "min": 0.01,
    "id": 6,
    "minA": 10.00,
    "s0": "QTUM",
    "s1": "USDT",
    "c": 1.922,
    "max": 1000,
    "h": 2.027,
    "i": -1,
    "sort": 0,
    "l": 1.878,
    "cp": {
      "c0": 1.922,
      "c1": 1.922
    },
    "o": 1.948,
    "q": 360332.32,
    "pa": 3,
    "s": {
      "s0": "QTUM",
      "s1": "USDT"
    },
    "na": 3,
    "v": 184651.730,
    "depthA": 2,
    "aid": 18,
    "status": 0
  },
  "BTCUSDT": {
    "p0": -48.20,
    "p1": -1.23,
    "mid": 1,
    "pid": 7,
    "priceA": 2,
    "min": 0.0001,
    "id": 1,
    "minA": 10.0000,
    "s0": "BTC",
    "s1": "USDT",
    "c": 3897.69,
    "max": 1000,
    "h": 4085.00,
    "i": -1,
    "sort": 0,
    "l": 3861.06,
    "cp": {
      "c0": 3897.69,
      "c1": 3897.69
    },
    "o": 3945.89,
    "q": 170737333.73,
    "pa": 2,
    "s": {
      "s0": "BTC",
      "s1": "USDT"
    },
    "na": 6,
    "v": 43031.780088,
    "depthA": 1,
    "aid": 18,
    "status": 0
  },
  "EOSBTC": {
    "p0": -0.0001,
    "p1": -4.72,
    "mid": 2,
    "pid": 14,
    "priceA": 4,
    "min": 10,
    "id": 23,
    "minA": 0.01,
    "s0": "EOS",
    "s1": "BTC",
    "c": 0.0007,
    "max": 10000,
    "h": 0.0007,
    "i": -1,
    "sort": 2,
    "l": 0.0006,
    "cp": {
      "c0": 0.0007,
      "c1": 2.3431
    },
    "o": 0.0007,
    "q": 2365.84,
    "pa": 4,
    "s": {
      "s0": "EOS",
      "s1": "BTC"
    },
    "na": 2,
    "v": 3795614.43,
    "depthA": 4,
    "aid": 1,
    "status": 0
  },
  "QTUMBTC": {
    "p0": 0.000000,
    "p1": 0.00,
    "mid": 2,
    "pid": 3,
    "priceA": 6,
    "min": 0.1,
    "id": 6,
    "minA": 0.010000,
    "s0": "QTUM",
    "s1": "BTC",
    "c": 0.000493,
    "max": 1000,
    "h": 0.000499,
    "i": -1,
    "sort": 0,
    "l": 0.000481,
    "cp": {
      "c0": 0.000493,
      "c1": 1.921562
    },
    "o": 0.000493,
    "q": 120.06,
    "pa": 6,
    "s": {
      "s0": "QTUM",
      "s1": "BTC"
    },
    "na": 8,
    "v": 244073.59000000,
    "depthA": 6,
    "aid": 1,
    "status": 0
  },